Company Name,Symbol,% Funding provided under Pay Later (MTF)
"360 ONE WAM LIMITED","360ONE","60"
"3M INDIA LIMITED","3MINDIA","60"
"AADHAR HOUSING FINANCE L","AADHARHFC","55"
"AARTI DRUGS LTD.","AARTIDRUGS","60"
"AARTI INDUSTRIES LTD","AARTIIND","65"
"AARTI PHARMALABS LIMITED","AARTIPHARM","60"
"AAVAS FINANCIERS LIMITED","AAVAS","60"
"ABB INDIA LIMITED","ABB","65"
"ABBOTT INDIA LIMITED","ABBOTINDIA","70"
"ADITYA BIRLA CAPITAL LTD.","ABCAPITAL","65"
"ALLIED BLEND N DISTILS L","ABDL","60"
"ADITYA BIRLA FASHION & RT","ABFRL","65"
"ADITYA BIRLA REAL EST LTD","ABREL","60"
"ADIT BIRL SUN LIF AMC LTD","ABSLAMC","65"
"BIRLASLAMC - ABSLBANETF","ABSLBANETF","70"
"BIRLASLAMC - ABSLLIQUID","ABSLLIQUID","0"
"ACC LIMITED","ACC","60"
"ACCELYA SOLN INDIA LTD","ACCELYA","50"
"ACTION CONST EQUIP LTD","ACE","55"
"ARCHEAN CHEMICAL IND LTD","ACI","65"
"ALLCARGO GATI LIMITED","ACLGATI","55"
"ACME SOLAR HOLDINGS LTD","ACMESOLAR","60"
"ACUTAAS CHEMICALS LIMITED","ACUTAAS","60"
"ADANI ENTERPRISES LIMITED","ADANIENT","50"
"ADANI PORT & SEZ LTD","ADANIPORTS","50"
"ADANI POWER LTD","ADANIPOWER","50"
"ADF FOODS LIMITED","ADFFOODS","55"
"ADVANCED ENZYME TECH LTD","ADVENZYMES","55"
"AEGIS LOGISTICS LIMITED","AEGISLOG","50"
"AEROFLEX INDUSTRIES LTD","AEROFLEX","50"
"AETHER INDUSTRIES LIMITED","AETHER","60"
"AFCONS INFRASTRUCTURE LTD","AFCONS","55"
"AFFLE 3I LIMITED","AFFLE","65"
"AGARWAL INDS CORP LTD.","AGARIND","50"
"DR AGARWALS HEALTH CARE L","AGARWALEYE","50"
"AGI GREENPAC LIMITED","AGI","55"
"AGI INFRA LIMITED","AGIIL","50"
"AHLUWALIA CONT IND LTD","AHLUCONT","55"
"AIA ENGINEERING LIMITED","AIAENG","70"
"AUTHUM INVEST & INFRA LTD","AIIL","50"
"AJANTA PHARMA LIMITED","AJANTPHARM","65"
"AJAX ENGINEERING LIMITED","AJAXENGG","50"
"AJMERA REALTY & INF I LTD","AJMERA","50"
"AKUMS DRUGS AND PHARMA L","AKUMS","50"
"AKZO NOBEL INDIA LIMITED","AKZOINDIA","55"
"ALEMBIC LIMITED","ALEMBICLTD","55"
"ALIVUS LIFE SCIENCES LTD","ALIVUS","60"
"ALKEM LABORATORIES LTD.","ALKEM","70"
"ALKYL AMINES CHEM. LTD","ALKYLAMINE","60"
"ALLCARGO LOGISTICS LTD","ALLCARGO","60"
"ALOK INDUSTRIES LIMITED","ALOKINDS","55"
"MIRAEAMC - ALPHAETF","ALPHAETF","70"
"ICICIPRAMC - ICICIALPLV","ALPL30IETF","70"
"AMBER ENTERPRISES (I) LTD","AMBER","55"
"AMBUJA CEMENTS LTD","AMBUJACEM","60"
"AMRUTAJAN HEALTH LTD","AMRUTANJAN","60"
"ANAND RATHI WEALTH LTD","ANANDRATHI","65"
"ANANT RAJ LIMITED","ANANTRAJ","50"
"ANDHRA PAPER LIMITED","ANDHRAPAP","50"
"ANDHRA SUGARS LTD","ANDHRSUGAR","55"
"ANGEL ONE LIMITED","ANGELONE","55"
"THE ANUP ENGINEERING LTD","ANUP","35"
"ANUPAM RASAYAN INDIA LTD","ANURAS","65"
"APAR INDUSTRIES LTD.","APARINDS","55"
"APCOTEX INDUSTRIES LIMITE","APCOTEXIND","55"
"APEX FROZEN FOODS LIMITED","APEX","50"
"APL APOLLO TUBES LTD","APLAPOLLO","65"
"ALEMBIC PHARMA LTD","APLLTD","60"
"APOLLO MICRO SYSTEMS LTD","APOLLO","0"
"APOLLO HOSPITALS ENTER. L","APOLLOHOSP","70"
"APOLLO PIPES LIMITED","APOLLOPIPE","60"
"APOLLO TYRES LTD","APOLLOTYRE","70"
"APTUS VALUE HSG FIN I LTD","APTUS","65"
"AMARA RAJA ENERGY MOB LTD","ARE&M","60"
"ARKADE DEVELOPERS LIMITED","ARKADE","60"
"ARMAN FIN SERV LTD","ARMANFIN","50"
"ARVIND LIMITED","ARVIND","55"
"ARVIND FASHIONS LIMITED","ARVINDFASN","60"
"ARVIND SMARTSPACES LTD","ARVSMART","40"
"ASAHI INDIA GLASS LIMITED","ASAHIINDIA","60"
"ASSO ALCOHOLS & BREW LTD","ASALCBR","0"
"ASHIANA HOUSING LTD","ASHIANA","50"
"ASHOKA BUILDCON LTD","ASHOKA","60"
"ASHOK LEYLAND LTD","ASHOKLEY","65"
"ASIAN PAINTS LIMITED","ASIANPAINT","70"
"ASK AUTOMOTIVE LIMITED","ASKAUTOLTD","60"
"ASTEC LIFESCIENCES LTD","ASTEC","50"
"ASTER DM HEALTHCARE LTD.","ASTERDM","60"
"ASTRAL LIMITED","ASTRAL","70"
"ASTRA MICROWAVE LTD","ASTRAMICRO","55"
"ASTRAZENECA PHARMA IND LT","ASTRAZEN","60"
"ATHER ENERGY LIMITED","ATHERENERG","50"
"ATUL LTD","ATUL","65"
"AU SMALL FINANCE BANK LTD","AUBANK","65"
"AURIONPRO SOLN LTD","AURIONPRO","50"
"AUROBINDO PHARMA LTD","AUROPHARMA","65"
"AUTOMOTIVE AXLES LIMITED","AUTOAXLES","60"
"ICICIPRAMC - ICICIAUTO","AUTOIETF","60"
"AVADH SUG & ENERGY LTD","AVADHSUGAR","55"
"AVALON TECHNOLOGIES LTD","AVALON","55"
"AVANTEL LIMITED","AVANTEL","60"
"AVANTI FEEDS LIMITED","AVANTIFEED","60"
"ADITYA VISION LIMITED","AVL","50"
"AWFIS SPACE SOLUTIONS LTD","AWFIS","60"
"ANTONY WASTE HDG CELL LTD","AWHCL","55"
"AWL AGRI BUSINESS LIMITED","AWL","50"
"AXIS BANK LIMITED","AXISBANK","70"
"AXIS MF - AXIS GOLD ETF","AXISGOLD","0"
"AZAD ENGINEERING LIMITED","AZAD","60"
"BAJAJ AUTO LIMITED","BAJAJ-AUTO","70"
"BAJAJ CONSUMER CARE LTD","BAJAJCON","60"
"BAJAJ ELECT.LTD","BAJAJELEC","60"
"BAJAJ FINSERV LTD.","BAJAJFINSV","70"
"BAJAJ HEALTHCARE LIMITED","BAJAJHCARE","50"
"BAJAJ HOUSING FINANCE LTD","BAJAJHFL","65"
"BAJAJ HOLDINGS & INVS LTD","BAJAJHLDNG","65"
"BAJAJ FINANCE LIMITED","BAJFINANCE","70"
"BALAJI AMINES LIMITED","BALAMINES","45"
"BALKRISHNA IND. LTD","BALKRISIND","70"
"BALMER LAWRIE & CO LTD","BALMLAWRIE","55"
"BALRAMPUR CHINI MILLS LTD","BALRAMCHIN","65"
"BANCO PRODUCTS (I) LTD","BANCOINDIA","50"
"BANDHAN BANK LIMITED","BANDHANBNK","60"
"BANK OF BARODA","BANKBARODA","65"
"NIP IND ETF BANK BEES","BANKBEES","70"
"ICICIPRAMC - IPRU5008","BANKIETF","70"
"BANK OF INDIA","BANKINDIA","60"
"KOTAKMAMC-KOTAKBKETF","BANKNIFTY1","65"
"BASF INDIA LTD","BASF","50"
"BATA INDIA LTD","BATAINDIA","70"
"BAYER CROPSCIENCE LTD","BAYERCROP","60"
"BHARAT BIJLEE LTD","BBL","50"
"BOMBAY BURMAH TRADING COR","BBTC","55"
"BHARAT DYNAMICS LIMITED","BDL","50"
"MRS BECTORS FOOD SPE LTD","BECTORFOOD","60"
"BHARAT ELECTRONICS LTD","BEL","65"
"BELRISE INDUSTRIES LTD","BELRISE","60"
"BEML LIMITED","BEML","55"
"BHANSALI ENG. POLYMERS LT","BEPL","55"
"BERGER PAINTS (I) LTD","BERGEPAINT","70"
"MIRAEAMC - MAFSETF","BFSI","70"
"BF UTILITIES LIMITED","BFUTILITIE","40"
"BHAGIRADHA CHEM & INDS L","BHAGCHEM","40"
"BHARAT FORGE LTD","BHARATFORG","65"
"BHARAT RASAYAN LTD","BHARATRAS","50"
"BHARTI AIRTEL LIMITED","BHARTIARTL","70"
"BHARTI HEXACOM LIMITED","BHARTIHEXA","65"
"BHEL","BHEL","60"
"BIKAJI FOODS INTERN LTD","BIKAJI","60"
"BIOCON LIMITED.","BIOCON","65"
"BIRLA CORPORATION LTD","BIRLACORPN","45"
"BIRLANU LIMITED","BIRLANU","55"
"BLACKBUCK LIMITED","BLACKBUCK","50"
"BLISS GVS PHARMA LTD","BLISSGVS","50"
"BLS INTL SERVS LTD","BLS","55"
"BLUE DART EXPRESS LTD","BLUEDART","60"
"BLUE STAR LIMITED","BLUESTARCO","65"
"BODAL CHEMICALS LTD","BODALCHEM","55"
"BOMBAY DYEING & MFG. CO L","BOMDYEING","55"
"BOROSIL LIMITED","BOROLTD","55"
"BOROSIL RENEWABLES LTD","BORORENEW","60"
"BOSCH LIMITED","BOSCHLTD","70"
"BHARAT PETROLEUM CORP  LT","BPCL","65"
"BRIGADE ENTER. LTD","BRIGADE","60"
"BRITANNIA INDUSTRIES LTD","BRITANNIA","70"
"ICICIPRAMC - ICICI500","BSE500IETF","70"
"ADITYBIRLA SL NIF ETF-GR","BSLNIFTY","75"
"BIRLASOFT LIMITED","BSOFT","65"
"CAMPUS ACTIVEWEAR LIMITED","CAMPUS","65"
"COMPUTER AGE MNGT SER LTD","CAMS","65"
"CANARA BANK","CANBK","65"
"CAN FIN HOMES LTD","CANFINHOME","65"
"CAPACITE INFRAPROJECT LTD","CAPACITE","55"
"CAPLIN POINT LAB LTD.","CAPLIPOINT","60"
"CARBORUNDUM UNIVERSAL LTD","CARBORUNIV","65"
"CARE RATINGS LIMITED","CARERATING","60"
"CARTRADE TECH LIMITED","CARTRADE","0"
"CARYSIL LIMITED","CARYSIL","60"
"CASTROL INDIA LIMITED","CASTROLIND","60"
"CCL PRODUCTS (I) LTD","CCL","0"
"CEAT LIMITED","CEATLTD","60"
"CEIGALL INDIA LIMITED","CEIGALL","60"
"CELLO WORLD LIMITED","CELLO","60"
"CEMINDIA PROJECTS LIMITED","CEMPRO","50"
"CENTURY ENKA LTD","CENTENKA","55"
"CENTRAL BANK OF INDIA","CENTRALBK","55"
"CENTURY PLYBOARDS (I) LTD","CENTURYPLY","60"
"CERA SANITARYWARE LTD","CERA","60"
"CESC LTD","CESC","65"
"CAPRI GLOBAL CAPITAL LTD","CGCL","55"
"CG POWER AND IND SOL LTD","CGPOWER","60"
"CHALET HOTELS LIMITED","CHALET","60"
"CHAMBAL FERTILIZERS LTD","CHAMBLFERT","60"
"CHEMCON SPECIAL CHEM LTD","CHEMCON","55"
"CHEMPLAST SANMAR LIMITED","CHEMPLASTS","50"
"CHENNAI PETROLEUM CORP LT","CHENNPETRO","55"
"CHOICE INTERNATIONAL LTD","CHOICEIN","50"
"CHOLAMANDALAM IN & FIN CO","CHOLAFIN","65"
"CHOLAMANDALAM FIN HOL LTD","CHOLAHLDNG","60"
"CIE AUTOMOTIVE INDIA LTD","CIEINDIA","60"
"CIGNITI TECHNOLOGIES LTD","CIGNITITEC","65"
"CIPLA LTD","CIPLA","70"
"CLEAN SCIENCE & TECH LTD","CLEAN","65"
"CMS INFO SYSTEMS LIMITED","CMSINFO","65"
"COAL INDIA LTD","COALINDIA","65"
"COCHIN SHIPYARD LIMITED","COCHINSHIP","0"
"COFORGE LIMITED","COFORGE","65"
"COHANCE LIFESCIENCES LTD","COHANCE","65"
"COLGATE PALMOLIVE LTD.","COLPAL","70"
"CONTAINER CORP OF IND LTD","CONCOR","65"
"CONCORD BIOTECH LIMITED","CONCORDBIO","50"
"COROMANDEL INTERNTL. LTD","COROMANDEL","65"
"COSMO FIRST LIMITED","COSMOFIRST","50"
"CPSE ETF","CPSEETF","70"
"CRAFTSMAN AUTOMATION LTD","CRAFTSMAN","55"
"CREDITACCESS GRAMEEN LTD","CREDITACC","60"
"CRISIL LTD","CRISIL","65"
"CROMPT GREA CON ELEC LTD","CROMPTON","65"
"CSB BANK LIMITED","CSBBANK","65"
"CITY UNION BANK LTD","CUB","65"
"CUMMINS INDIA LTD","CUMMINSIND","65"
"CYIENT LIMITED","CYIENT","60"
"CYIENT DLM LIMITED","CYIENTDLM","65"
"DABUR INDIA LTD","DABUR","70"
"DALMIA BHARAT LIMITED","DALBHARAT","70"
"DALMIA BHARAT SUG IN LTD","DALMIASUG","55"
"DAM CAPITAL ADVISORS LTD","DAMCAPITAL","50"
"DATAMATICS GLOBAL SER LTD","DATAMATICS","50"
"DATA PATTERNS INDIA LTD","DATAPATTNS","0"
"D.B.CORP LTD","DBCORP","50"
"DILIP BUILDCON LIMITED","DBL","55"
"VALOR ESTATE LIMITED","DBREALTY","50"
"DCB BANK LIMITED","DCBBANK","65"
"DCM SHRIRAM LIMITED","DCMSHRIRAM","60"
"DCM SHRIRAM IND LTD","DCMSRIND","60"
"DCW LTD","DCW","55"
"DCX SYSTEMS LIMITED","DCXINDIA","50"
"DDEV PLASTIKS IND LTD","DDEVPLSTIK","50"
"DEEPAK FERTILIZERS & PETR","DEEPAKFERT","50"
"DEEPAK NITRITE LTD","DEEPAKNTR","65"
"DEEP INDUSTRIES LIMITED","DEEPINDS","55"
"DELHIVERY LIMITED","DELHIVERY","65"
"DELTA CORP LIMITED","DELTACORP","60"
"DEN NETWORKS LTD","DEN","50"
"DEVYANI INTERNATIONAL LTD","DEVYANI","65"
"DHAMPUR SUGAR MILLS LTD.","DHAMPURSUG","60"
"DHANI SERVICES LIMITED","DHANI","50"
"DHANUKA AGRITECH LTD","DHANUKA","55"
"DIAMOND POWER INFRA LTD","DIACABS","50"
"PRATAAP SNACKS LIMITED","DIAMONDYD","60"
"DIVI S LABORATORIES LTD","DIVISLAB","70"
"DIXON TECHNO (INDIA) LTD","DIXON","55"
"DLF LIMITED","DLF","65"
"D-LINK INDIA LTD","DLINKINDIA","50"
"AVENUE SUPERMARTS LIMITED","DMART","65"
"DODLA DAIRY LIMITED","DODLA","55"
"DOLAT ALGOTECH LIMITED","DOLATALGO","50"
"DOLLAR INDUSTRIES LIMITED","DOLLAR","50"
"DOMS INDUSTRIES LIMITED","DOMS","65"
"D. P. ABHUSHAN LIMITED","DPABHUSHAN","40"
"DR. REDDY S LABORATORIES","DRREDDY","70"
"DWARIKESH SUGAR IND LTD","DWARKESH","60"
"DYNAMATIC TECHNOLOGIES","DYNAMATECH","60"
"EASY TRIP PLANNERS LTD","EASEMYTRIP","55"
"ECLERX SERVICES LTD","ECLERX","45"
"EDELWEISS FIN SERV LTD","EDELWEISS","50"
"EICHER MOTORS LTD","EICHERMOT","70"
"EID PARRY INDIA LTD","EIDPARRY","65"
"ENVIRO INFRA ENGINEERS L","EIEL","55"
"EIH LIMITED","EIHOTEL","60"
"EVEREST KANTO CYLINDERLTD","EKC","60"
"ELECON ENG. CO. LTD","ELECON","55"
"ELECTROSTEEL CASTINGS LTD","ELECTCAST","35"
"ELGI EQUIPMENTS LTD","ELGIEQUIP","60"
"EMAMI LIMITED","EMAMILTD","60"
"EMBASSY DEVELOPMENTS LTD","EMBDL","55"
"EMCURE PHARMACEUTICALS L","EMCURE","50"
"ELECTRONICS MART IND LTD","EMIL","55"
"EMS LIMITED","EMSLIMITED","60"
"EMUDHRA LIMITED","EMUDHRA","55"
"ENDURANCE TECHNO. LTD.","ENDURANCE","65"
"ENGINEERS INDIA LTD","ENGINERSIN","55"
"ENTERTAIN NET. IND. LTD.","ENIL","50"
"SIEMENS ENERGY INDIA LTD","ENRIN","40"
"ENTERO HEALTHCARE SOLU L","ENTERO","60"
"EPIGRAL LIMITED","EPIGRAL","55"
"EPL LIMITED","EPL","60"
"EQUITAS SMALL FIN BNK LTD","EQUITASBNK","65"
"ERIS LIFESCIENCES LIMITED","ERIS","65"
"ESAB INDIA LTD","ESABINDIA","55"
"ESCORTS KUBOTA LIMITED","ESCORTS","65"
"ESTER INDUSTRIES LTD","ESTER","50"
"ETERNAL LIMITED","ETERNAL","60"
"ETHOS LIMITED","ETHOSLTD","60"
"EUREKA FORBES LIMITED","EUREKAFORB","60"
"EVEREADY INDS. IND.  LTD.","EVEREADY","60"
"EXCEL INDUSTRIES LTD","EXCELINDUS","50"
"EXICOM TELE SYSTEMS LTD","EXICOM","40"
"EXIDE INDUSTRIES LTD","EXIDEIND","65"
"EXPLEO SOLUTIONS LIMITED","EXPLEOSOL","55"
"FACT LTD","FACT","50"
"FINEOTEX CHEMICAL LIMITED","FCL","60"
"FDC LIMITED","FDC","60"
"FEDERAL BANK LTD","FEDERALBNK","70"
"FEDBANK FINANCIAL SER L","FEDFINA","60"
"FIEM INDUSTRIES LIMITED","FIEMIND","55"
"FILATEX INDIA LTD","FILATEX","50"
"FINOLEX CABLES LTD","FINCABLES","60"
"FINE ORGANIC IND. LTD.","FINEORG","60"
"FINO PAYMENTS BANK LTD","FINOPB","50"
"FINOLEX INDUSTRIES LTD","FINPIPE","60"
"BRAINBEES SOLUTIONS LTD","FIRSTCRY","60"
"FIVE-STAR BUS FIN LTD","FIVESTAR","60"
"FLAIR WRITING INDUST LTD","FLAIR","60"
"GUJARAT FLUOROCHEM LTD","FLUOROCHEM","60"
"ICICIPRAMC - ICICIFMCG","FMCGIETF","70"
"FEDERAL-MOGUL GOETZE (IND","FMGOETZE","45"
"FORCE MOTORS LIMITED","FORCEMOT","0"
"FORTIS HEALTHCARE LTD","FORTIS","65"
"FOSECO INDIA LTD","FOSECOIND","50"
"FIRSTSOURCE SOLU. LTD.","FSL","60"
"FUSION FINANCE LIMITED","FUSION","60"
"GABRIEL INDIA LTD","GABRIEL","0"
"GUJARAT AMBUJA EXPORTS LT","GAEL","60"
"GAIL (INDIA) LTD","GAIL","65"
"GALAXY SURFACTANTS LTD","GALAXYSURF","65"
"GALLANTT ISPAT LIMITED","GALLANTT","60"
"GANDHAR OIL REFINE IND L","GANDHAR","50"
"GANESHA ECOSPHERE LIMITED","GANECOS","50"
"GANESH BENZOPLAST LIMITED","GANESHBE","55"
"GANESH HOUSING LIMITED","GANESHHOU","40"
"GARWARE TECH FIBRES LTD","GARFIBRES","55"
"GATEWAY DISTRIPARKS LTD","GATEWAY","55"
"GENESYS INTL CORPN LTD","GENESYS","55"
"GENUS POWER INFRASTRU LTD","GENUSPOWER","50"
"GEOJIT FINANCIAL SER L","GEOJITFSL","50"
"THE GE SHPG.LTD","GESHIP","60"
"GHCL LIMITED","GHCL","60"
"GIC HOUSING FINANCE LTD","GICHSGFIN","55"
"GENERAL INS CORP OF INDIA","GICRE","55"
"GILLETTE INDIA LTD","GILLETTE","65"
"GUJ IND POW CO. LTD","GIPCL","55"
"GLAND PHARMA LIMITED","GLAND","60"
"GLAXOSMITHKLINE PHARMA LT","GLAXO","60"
"GLENMARK PHARMACEUTICALS","GLENMARK","65"
"GLOBUS SPIRITS LTD","GLOBUSSPR","60"
"GUJARAT MINERAL DEV CORP","GMDCLTD","50"
"GMM PFAUDLER LIMITED","GMMPFAUDLR","60"
"GMR AIRPORTS LIMITED","GMRAIRPORT","65"
"GMR POW AND URBAN INFRA L","GMRP&UI","50"
"GUJ NAR VAL FER & CHEM L","GNFC","65"
"GO FASHION INDIA LTD","GOCOLORS","65"
"GODFREY PHILLIPS INDIA LT","GODFRYPHLP","50"
"GO DIGIT GENERAL INS LTD","GODIGIT","65"
"GODREJ AGROVET LIMITED","GODREJAGRO","65"
"GODREJ CONSUMER PRODUCTS","GODREJCP","70"
"GODREJ INDUSTRIES LTD","GODREJIND","60"
"GODREJ PROPERTIES LTD","GODREJPROP","65"
"GOKALDAS EXPORTS LTD.","GOKEX","55"
"GOKUL AGRO RESOURCES LTD","GOKULAGRO","40"
"KOTAK GOLD ETF","GOLD1","0"
"NIP IND ETF GOLD BEES","GOLDBEES","0"
"ZERODHAAMC - GOLDCASE","GOLDCASE","0"
"MIRAEAMC - MAGOLDETF","GOLDETF","0"
"GOLDIAM INTERNATIONAL LTD","GOLDIAM","50"
"ICICI PRUDENTIAL GOLD ETF","GOLDIETF","0"
"UTI GOLD ETF","GOLDSHARE","0"
"GOODLUCK INDIA LIMITED","GOODLUCK","55"
"GOPAL SNACKS LIMITED","GOPAL","50"
"GODAWARI POW & ISP LTD","GPIL","60"
"GUJARAT PIPAVAV PORT LTD","GPPL","60"
"GRANULES INDIA LIMITED","GRANULES","65"
"GRAPHITE INDIA LTD","GRAPHITE","60"
"GRASIM INDUSTRIES LTD","GRASIM","70"
"GRAVITA INDIA LIMITED","GRAVITA","50"
"GREAVES COTTON LTD.","GREAVESCOT","50"
"GREENPANEL INDUSTRIES LTD","GREENPANEL","60"
"GREENPLY INDUSTRIES LTD","GREENPLY","55"
"GRINDWELL NORTON LIMITED","GRINDWELL","60"
"G R INFRAPROJECTS LIMITED","GRINFRA","60"
"GARDEN REACH SHIP&ENG LTD","GRSE","0"
"GARWARE HI-TECH FILMS LTD","GRWRHITECH","50"
"GUJ STATE FERT & CHEM LTD","GSFC","60"
"GUJARAT STATE PETRO LTD","GSPL","65"
"GUFIC BIOSCIENCES LTD.","GUFICBIO","40"
"GUJARAT ALKALIES & CHEM","GUJALKALI","55"
"GUJARAT GAS LIMITED","GUJGASLTD","65"
"GUJARAT THEMIS BIOSYN LTD","GUJTHEM","50"
"GULF OIL LUB. IND. LTD.","GULFOILLUB","60"
"HINDUSTAN AERONAUTICS LTD","HAL","65"
"HAPPIEST MINDS TECHNO LTD","HAPPSTMNDS","65"
"HAPPY FORGINGS LIMITED","HAPPYFORGE","55"
"HARSHA ENGINEERS INT LTD","HARSHA","55"
"HATHWAY CABLE & DATACOM","HATHWAY","55"
"HATSUN AGRO PRODUCT LTD.","HATSUN","55"
"HAVELLS INDIA LIMITED","HAVELLS","70"
"HBL ENGINEERING LTD","HBLENGINE","50"
"HEALTHCARE GLOB. ENT. LTD","HCG","65"
"HCL TECHNOLOGIES LTD","HCLTECH","70"
"HDFC AMC LIMITED","HDFCAMC","65"
"HDFC BANK LTD","HDFCBANK","70"
"HDFC GOLD ETF","HDFCGOLD","0"
"HDFC LIFE INS CO LTD","HDFCLIFE","70"
"HDFCAMC - HDFCNEXT50","HDFCNEXT50","70"
"HDFCAMC - HDFCNIFBAN","HDFCNIFBAN","70"
"HDFCAMC - HDFCNIFTY","HDFCNIFTY","75"
"HDFCAMC - HDFCSILVER","HDFCSILVER","0"
"HDFCAMC - HDFCSML250","HDFCSML250","70"
"ICICIPRAMC - ICICIPHARM","HEALTHIETF","70"
"HEG LTD","HEG","55"
"HEIDELBERGCEMENT (I) LTD","HEIDELBERG","60"
"HEMISPHERE PROP IND LTD","HEMIPROP","50"
"HERITAGE FOODS LTD","HERITGFOOD","50"
"HERO MOTOCORP LIMITED","HEROMOTOCO","70"
"HEUBACH COLORANTS IND LTD","HEUBACHIND","50"
"HEXAWARE TECHNOLOGIES LTD","HEXT","70"
"HFCL LIMITED","HFCL","50"
"H.G.INFRA ENGINEERING LTD","HGINFRA","60"
"HIKAL LIMITED","HIKAL","60"
"HIMATSINGKA SEIDE LTD","HIMATSEIDE","50"
"HINDALCO  INDUSTRIES  LTD","HINDALCO","65"
"HINDUSTAN COPPER LTD","HINDCOPPER","55"
"HINDUSTAN OIL EXPLORATION","HINDOILEXP","55"
"HINDUSTAN PETROLEUM CORP","HINDPETRO","65"
"HINDUSTAN UNILEVER LTD.","HINDUNILVR","70"
"HINDWARE HME INOVATON LTD","HINDWAREAP","40"
"HINDUSTAN ZINC LIMITED","HINDZINC","55"
"HI-TECH PIPES LIMITED","HITECH","55"
"HLE GLASCOAT LIMITED","HLEGLAS","50"
"HINDUSTAN FOODS LIMITED","HNDFDS","55"
"NIP IND ETF HANGSENG BEES","HNGSNGBEES","75"
"HOME FIRST FIN CO IND LTD","HOMEFIRST","60"
"HONASA CONSUMER LIMITED","HONASA","60"
"HONEYWELL AUTOMATION IND","HONAUT","70"
"HONDA I POWER PRODUCT LTD","HONDAPOWER","40"
"HPL ELECTRIC & POWER LTD","HPL","50"
"HIMADRI SPECIALITY CHEM L","HSCL","60"
"HSG & URBAN DEV CORPN LTD","HUDCO","50"
"HUHTAMAKI INDIA LIMITED","HUHTAMAKI","55"
"HYUNDAI MOTOR INDIA LTD","HYUNDAI","70"
"ICICIPRAMC - BHARATIWIN","ICICIB22","70"
"ICICI BANK LTD.","ICICIBANK","70"
"ICICI LOMBARD GIC LIMITED","ICICIGI","70"
"ICICI PRU LIFE INS CO LTD","ICICIPRULI","70"
"INDO COUNT INDUSTRIES LTD","ICIL","50"
"ICRA LIMITED","ICRA","65"
"IDBI BANK LIMITED","IDBI","55"
"IDEAFORGE TECHNO LTD","IDEAFORGE","50"
"IDFC FIRST BANK LIMITED","IDFCFIRSTB","65"
"INDIAN ENERGY EXC LTD","IEX","55"
"IFB INDUSTRIES LTD","IFBIND","55"
"IFCI LTD","IFCI","0"
"INTERNATIO GEMM INS (I) L","IGIL","50"
"INDRAPRASTHA GAS LTD","IGL","60"
"I G PETROCHEMICALS LTD","IGPL","50"
"IIFL FINANCE LIMITED","IIFL","60"
"IIFL CAPITAL SERVICES LTD","IIFLCAPS","50"
"INVENTURUS KNOWLEDGE SO L","IKS","55"
"IMAGICAAWORLD ENT LTD","IMAGICAA","40"
"INDIAN METALS & FERRO","IMFA","55"
"INDEGENE LIMITED","INDGN","65"
"THE INDIAN HOTELS CO. LTD","INDHOTEL","65"
"THE INDIA CEMENTS LIMITED","INDIACEM","60"
"INDIA GLYCOLS LTD","INDIAGLYCO","60"
"INDIAMART INTERMESH LTD","INDIAMART","65"
"INDIAN BANK","INDIANB","60"
"INDIA SHELTER FIN CORP L","INDIASHLTR","60"
"INTERGLOBE AVIATION LTD","INDIGO","70"
"INDIGO PAINTS LIMITED","INDIGOPNTS","65"
"INDOCO REMEDIES LTD.","INDOCO","50"
"INDRAPRASTHA MEDICAL CORP","INDRAMEDCO","50"
"INDUSIND BANK LIMITED","INDUSINDBK","55"
"INDUS TOWERS LIMITED","INDUSTOWER","65"
"INFIBEAM AVENUES LIMITED","INFIBEAM","55"
"NIP IND ETF INFRA BEES","INFRABEES","70"
"ICICIPRAMC - ICICIINFRA","INFRAIETF","70"
"INFOSYS LIMITED","INFY","70"
"INGERSOLL-RAND INDIA LTD","INGERRAND","55"
"INNOVA CAPTAB LIMITED","INNOVACAP","60"
"INOX INDIA LIMITED","INOXINDIA","60"
"INOX WIND LIMITED","INOXWIND","50"
"INSECTICIDES (I) LTD","INSECTICID","50"
"INTELLECT DESIGN ARENA","INTELLECT","60"
"INDIAN OVERSEAS BANK","IOB","60"
"INDIAN OIL CORP LTD","IOC","65"
"IOL CHEM AND PHARMA LTD","IOLCP","55"
"ION EXCHANGE (INDIA) LTD","IONEXCHANG","55"
"IPCA LABORATORIES LTD","IPCALAB","65"
"INDIA PESTICIDES LIMITED","IPL","55"
"IRB INFRA DEV LTD.","IRB","55"
"IRCON INTERNATIONAL LTD","IRCON","50"
"INDIAN RAIL TOUR CORP LTD","IRCTC","65"
"INDIAN RENEWABLE ENERGY","IREDA","60"
"INDIAN RAILWAY FIN CORP L","IRFC","55"
"ISGEC HEAVY ENG LTD","ISGEC","55"
"ITC LTD","ITC","70"
"ITC HOTELS LIMITED","ITCHOTELS","65"
"INDIA TOUR. DEV. CO. LTD.","ITDC","55"
"ICICIPRAMC - ICICITECH","ITIETF","60"
"LE TRAVENUES TECHNOLOGY L","IXIGO","60"
"J & K BANK LTD.","J&KBANK","60"
"JAI BALAJI INDUSTRIES LTD","JAIBALAJI","40"
"JAI CORP LIMITED","JAICORPLTD","50"
"JAMNA AUTO IND LTD","JAMNAAUTO","60"
"JASH ENGINEERING LIMITED","JASH","40"
"JAYANT AGRO ORGANICS LTD","JAYAGROGN","50"
"J B CHEMICALS AND PHARMA","JBCHEPHARM","65"
"JBM AUTO LIMITED","JBMA","50"
"JOHNSON CONTROLS HITACHI","JCHAC","55"
"JINDAL POLY FILMS LIMITED","JINDALPOLY","55"
"JINDAL SAW LIMITED","JINDALSAW","55"
"JINDAL STEEL LIMITED","JINDALSTEL","65"
"JINDAL DRILLING IND. LTD","JINDRILL","50"
"JINDAL WORLDWIDE LTD","JINDWORLD","50"
"JIO FIN SERVICES LTD","JIOFIN","65"
"JAIN IRRIGATION SYSTEMS","JISLJALEQS","60"
"JK CEMENT LIMITED","JKCEMENT","70"
"JKUMAR INFR.LTD.","JKIL","55"
"JK LAKSHMI CEMENT LTD","JKLAKSHMI","60"
"JK PAPER LIMITED","JKPAPER","60"
"JK TYRE & INDUSTRIES LTD","JKTYRE","60"
"JUPITER LIFE LINE HOSP L","JLHL","60"
"JM FINANCIAL LIMITED","JMFINANCIL","60"
"JANA SMALL FIN BANK LTD","JSFB","60"
"JINDAL STAINLESS LIMITED","JSL","60"
"JSW ENERGY LIMITED","JSWENERGY","55"
"JSW INFRASTRUCTURE LTD","JSWINFRA","60"
"JSW STEEL LIMITED","JSWSTEEL","70"
"JTL INDUSTRIES LIMITED","JTLIND","50"
"JUBILANT FOODWORKS LTD","JUBLFOOD","65"
"JUBILANT INGREVIA LIMITED","JUBLINGREA","60"
"JUBILANT PHARMOVA LTD","JUBLPHARMA","60"
"NIP IND ETF JUNIOR BEES","JUNIORBEES","75"
"JUNIPER HOTELS LIMITED","JUNIPER","55"
"JUSTDIAL LTD.","JUSTDIAL","60"
"JUPITER WAGONS LIMITED","JWL","50"
"JYOTHY LABS LIMITED","JYOTHYLAB","60"
"JYOTI CNC AUTOMATION LTD","JYOTICNC","40"
"JYOTI STRUCTURES LTD","JYOTISTRUC","50"
"KAJARIA CERAMICS LTD","KAJARIACER","65"
"SAI SILKS (KALAMANDIR) L","KALAMANDIR","55"
"KALYAN JEWELLERS IND LTD","KALYANKJIL","55"
"KANSAI NEROLAC PAINTS LTD","KANSAINER","65"
"KARUR VYSYA BANK LTD","KARURVYSYA","65"
"KAYNES TECHNOLOGY IND LTD","KAYNES","55"
"KCP LTD","KCP","55"
"KDDL LIMITED","KDDL","40"
"KEC INTL. LIMITED","KEC","60"
"KEI INDUSTRIES LTD.","KEI","60"
"KFIN TECHNOLOGIES LIMITED","KFINTECH","50"
"KRISHNA INST OF MED SCI L","KIMS","65"
"KIRI INDUSTRIES LIMITED","KIRIINDUS","50"
"KIRLOSKAR BROTHERS LTD","KIRLOSBROS","50"
"KIRLOSKAR OIL ENG LTD","KIRLOSENG","60"
"KIRLOSKAR INDUSTRIES LTD","KIRLOSIND","40"
"KIRLOSKAR PNEUMATIC COM L","KIRLPNU","60"
"KEWAL KIRAN CLOTHING LTD","KKCL","55"
"KNOWLEDGE MARINE & EN W L","KMEW","40"
"KNR CONSTRU LTD.","KNRCON","60"
"KOLTE PATIL DEV. LTD.","KOLTEPATIL","55"
"KOTAK MAHINDRA BANK LTD","KOTAKBANK","70"
"K.P. ENERGY LIMITED","KPEL","50"
"KPI GREEN ENERGY LIMITED","KPIGREEN","50"
"KALPATARU PROJECT INT LTD","KPIL","60"
"KPIT TECHNOLOGIES LIMITED","KPITTECH","60"
"KPR MILL LTD.","KPRMILL","60"
"KRBL LIMITED","KRBL","55"
"KRN HEAT EXCHANGE N REF L","KRN","50"
"KROSS LIMITED","KROSS","50"
"KRSNAA DIAGNOSTICS LTD","KRSNAA","55"
"KSB LIMITED","KSB","60"
"KAVERI SEED CO. LTD.","KSCL","60"
"KALYANI STEELS LIMITED","KSL","55"
"KARNATAKA BANK LIMITED","KTKBANK","65"
"DR. LAL PATH LABS LTD.","LALPATHLAB","70"
"LANDMARK CARS LIMITED","LANDMARK","40"
"LA OPALA RG LIMITED","LAOPALA","60"
"LATENT VIEW ANALYTICS LTD","LATENTVIEW","65"
"LAURUS LABS LIMITED","LAURUSLABS","65"
"LEMON TREE HOTELS LTD","LEMONTREE","60"
"LG BALAKRISHNAN & BROS","LGBBROSLTD","55"
"LIC HOUSING FINANCE LTD","LICHSGFIN","65"
"LIFE INSURA CORP OF INDIA","LICI","65"
"LINCOLN PHARMA LTD","LINCOLN","50"
"LINDE INDIA LIMITED","LINDEINDIA","60"
"MIRAEAMC - LIQUID","LIQUID","0"
"DSPAMC - LIQUIDADD","LIQUIDADD","0"
"NIP IND ETF LIQUID BEES","LIQUIDBEES","0"
"BFAM - LIQUIDBETF","LIQUIDBETF","0"
"ZERODHAAMC - LIQUIDCASE","LIQUIDCASE","0"
"DSP LIQUID ETF","LIQUIDETF","0"
"ICICIPRAMC - ICICILIQ","LIQUIDIETF","0"
"MIRAEAMC - LIQUIDPLUS","LIQUIDPLUS","0"
"SBIAMC - LIQUIDSBI","LIQUIDSBI","0"
"LLOYDS ENGG WORK LIMITED","LLOYDSENGG","40"
"LLOYDS ENTERPRISES LTD","LLOYDSENT","40"
"LLOYDS METALS N ENERGY L","LLOYDSME","65"
"LMW LIMITED","LMW","60"
"LODHA DEVELOPERS LIMITED","LODHA","60"
"ICICI PR NIF LW VL 30 ETF","LOWVOLIETF","70"
"LARSEN & TOUBRO LTD.","LT","70"
"L&T FINANCE LIMITED","LTF","65"
"LT FOODS LIMITED","LTFOODS","60"
"LTIMINDTREE LIMITED","LTIM","65"
"L&T TECHNOLOGY SER. LTD.","LTTS","65"
"LUMAX INDUSTRIES LTD","LUMAXIND","60"
"LUMAX AUTO TECH LTD","LUMAXTECH","0"
"LUPIN LIMITED","LUPIN","70"
"LUX INDUSTRIES LIMITED","LUXIND","55"
"LAXMI ORGANIC INDUS LTD","LXCHEM","60"
"MAHINDRA & MAHINDRA LTD","M&M","65"
"M&M FIN. SERVICES LTD","M&MFIN","65"
"MIRAEAMC - MAFANG","MAFANG","65"
"MAGADH SUGAR & ENERGY LTD","MAGADSUGAR","50"
"BANK OF MAHARASHTRA","MAHABANK","60"
"MAHINDRA LIFESPACE DEVLTD","MAHLIFE","60"
"MAHINDRA LOGISTIC LIMITED","MAHLOG","55"
"MAHARASHTRA SCOOTERS LTD","MAHSCOOTER","40"
"MAHARASHTRA SEAMLESS LTD","MAHSEAMLES","60"
"MAITHAN ALLOYS LTD","MAITHANALL","55"
"MAMATA MACHINERY LIMITED","MAMATA","50"
"MANAPPURAM FINANCE LTD","MANAPPURAM","60"
"MANGALAM CEMENT LTD","MANGLMCEM","55"
"MAN INDUSTRIES (I) LTD.","MANINDS","50"
"MAN INFRA LTD","MANINFRA","60"
"MANKIND PHARMA LIMITED","MANKIND","65"
"MANORAMA INDUSTRIES LTD","MANORAMA","40"
"VEDANT FASHIONS LIMITED","MANYAVAR","65"
"C.E. INFO SYSTEMS LIMITED","MAPMYINDIA","60"
"MARATHON NXTGEN REALT LTD","MARATHON","50"
"MARICO LIMITED","MARICO","70"
"MARKSANS PHARMA LIMITED","MARKSANS","60"
"MARUTI SUZUKI INDIA LTD.","MARUTI","70"
"MAS FINANCIAL SERV LTD","MASFIN","60"
"MASTEK LTD","MASTEK","60"
"MATRIMONY.COM LIMITED","MATRIMONY","55"
"MAX ESTATES LIMITED","MAXESTATES","60"
"MAX HEALTHCARE INS LTD","MAXHEALTH","60"
"MAYUR UNIQUOTERS LTD","MAYURUNIQ","45"
"MAZAGON DOCK SHIPBUIL LTD","MAZDOCK","50"
"MAGELLANIC CLOUD LIMITED","MCLOUD","50"
"MULTI COMMODITY EXCHANGE","MCX","55"
"GLOBAL HEALTH LIMITED","MEDANTA","65"
"MEDI ASSIST HEALTH SER L","MEDIASSIST","65"
"MEDPLUS HEALTH SERV LTD","MEDPLUS","60"
"ICICIPRAMC - METALIETF","METALIETF","60"
"METRO BRANDS LIMITED","METROBRAND","55"
"METROPOLIS HEALTHCARE LTD","METROPOLIS","65"
"MAX FINANCIAL SERV LTD","MFSL","65"
"MAHANAGAR GAS LTD.","MGL","65"
"MAHINDRA HOLIDAYS LTD","MHRIL","60"
"ZERODHAAMC - MID150CASE","MID150CASE","70"
"MIRAEAMC - MAM150ETF","MIDCAPETF","80"
"ICICIPRAMC - ICICIM150","MIDCAPIETF","70"
"MISHRA DHATU NIGAM LTD","MIDHANI","50"
"MINDA CORPORATION LTD","MINDACORP","60"
"MMTC LIMITED","MMTC","0"
"ONE MOBIKWIK SYSTEMS LTD","MOBIKWIK","50"
"MOIL LIMITED","MOIL","55"
"MEGHMANI ORGANICS LIMITED","MOL","60"
"MOLD-TEK PACKAGING LTD","MOLDTKPAC","50"
"MOTILAL OS MIDCAP100 ETF","MOM100","55"
"ICICIPRAMC - ICICIMOM30","MOM30IETF","60"
"MOTILAL OS NASDAQ100 ETF","MON100","70"
"MONARCH NETWORTH CAP LTD","MONARCH","50"
"MOTILALAMC - MONQ50","MONQ50","70"
"MOREPEN LAB. LTD","MOREPENLAB","50"
"MOSCHIP TECHNOLOGIES LTD","MOSCHIP","0"
"SAMVRDHNA MTHRSN INTL LTD","MOTHERSON","65"
"MOTILAL OSWAL FIN LTD","MOTILALOFS","50"
"MPHASIS LIMITED","MPHASIS","65"
"MPS LIMITED","MPSLTD","50"
"MRF LTD","MRF","70"
"MRPL","MRPL","50"
"MSTC LIMITED","MSTCLTD","55"
"MOTHERSON SUMI WRNG IND L","MSUMI","70"
"MTAR TECHNOLOGIES LIMITED","MTARTECH","60"
"MAHANAGAR TELEPHONE NIGAM","MTNL","50"
"MUTHOOT FINANCE LIMITED","MUTHOOTFIN","65"
"MUTHOOT MICROFIN LIMITED","MUTHOOTMF","60"
"NIPPON L I A M LTD","NAM-INDIA","60"
"NATCO PHARMA LTD.","NATCOPHARM","55"
"NATIONAL ALUMINIUM CO LTD","NATIONALUM","60"
"INFO EDGE (I) LTD","NAUKRI","65"
"NAVA LIMITED","NAVA","60"
"NAVIN FLUORINE INT. LTD","NAVINFLUOR","65"
"NAVNEET EDUCATION LTD","NAVNETEDUL","55"
"NAZARA TECHNOLOGIES LTD","NAZARA","60"
"NBCC (INDIA) LIMITED","NBCC","50"
"NCC LIMITED","NCC","60"
"NCL INDUSTRIES LIMITED","NCLIND","50"
"NELCO LTD","NELCO","55"
"NEOGEN CHEMICALS LIMITED","NEOGEN","55"
"NESCO LTD.","NESCO","60"
"NESTLE INDIA LIMITED","NESTLEIND","70"
"NETWEB TECH INDIA LTD","NETWEB","0"
"NETWORK18 MEDIA & INV LTD","NETWORK18","55"
"NEULAND LAB LTD.","NEULANDLAB","50"
"NEWGEN SOFTWARE TECH LTD","NEWGEN","50"
"ICICIPRAMC - ICICINXT50","NEXT50IETF","70"
"NATIONAL FERT. LTD","NFL","55"
"NARAYANA HRUDAYALAYA LTD.","NH","65"
"NHPC LTD","NHPC","60"
"THE NEW INDIA ASSU CO LTD","NIACL","55"
"NIP IND ETF NIFTY 100","NIF100BEES","70"
"KOTAK NIFTY ETF","NIFTY1","75"
"DSPAMC - DSPN50ETF","NIFTY50ADD","70"
"NIP IND ETF NIFTY BEES","NIFTYBEES","75"
"MIRAEAMC - MAN50ETF","NIFTYETF","80"
"ICICI PRUD NIFTY ETF","NIFTYIETF","75"
"NIIT LIMITED","NIITLTD","55"
"NIIT LEARNING SYSTEMS LTD","NIITMTS","60"
"NILKAMAL LIMITED","NILKAMAL","50"
"NIVA BUPA HEALTH INS CO L","NIVABUPA","60"
"NLC INDIA LIMITED","NLCINDIA","55"
"NMDC LTD.","NMDC","65"
"NOCIL LIMITED","NOCIL","60"
"NORTHERN ARC CAPITAL LTD","NORTHARC","65"
"NETWORK PEOPLE SRV TECH L","NPST","50"
"NRB BEARING LIMITED","NRBBEARING","55"
"NMDC STEEL LIMITED","NSLNISP","60"
"NTPC LTD","NTPC","70"
"NTPC GREEN ENERGY LIMITED","NTPCGREEN","65"
"NUCLEUS SOFTWARE EXPORTS","NUCLEUS","40"
"NUVAMA WEALTH MANAGE LTD","NUVAMA","50"
"NUVOCO VISTAS CORP LTD","NUVOCO","65"
"FSN E COMMERCE VENTURES","NYKAA","65"
"ORIENTAL AROMATICS LTD","OAL","50"
"OBEROI REALTY LIMITED","OBEROIRLTY","65"
"ORACLE FIN SERV SOFT LTD.","OFSS","60"
"OIL INDIA LTD","OIL","55"
"ICICIPRAMC - OILIETF","OILIETF","70"
"OLECTRA GREENTECH LIMITED","OLECTRA","55"
"ONESOURCE SPECL PHARMA L","ONESOURCE","50"
"OIL AND NATURAL GAS CORP.","ONGC","65"
"OPTIEMUS INFRACOM LTD","OPTIEMUS","40"
"ORIENT CEMENT LTD.","ORIENTCEM","60"
"ORIENT ELECTRIC LIMITED","ORIENTELEC","60"
"ORIENT HOTELS LTD","ORIENTHOT","55"
"ORIENT PAPER AND INDS LTD","ORIENTPPR","50"
"ORISSA MIN DEV CO LTD","ORISSAMINE","60"
"PAGE INDUSTRIES LTD","PAGEIND","70"
"PAISALO DIGITAL LIMITED","PAISALO","50"
"PANAMA PETROCHEM LTD","PANAMAPET","55"
"PARAMOUNT COMM LTD","PARACABLES","50"
"PARADEEP PHOSPHATES LTD","PARADEEP","50"
"PARAG MILK FOODS LTD.","PARAGMILK","60"
"PARKHOTELS","PARKHOTELS","55"
"PATANJALI FOODS LIMITED","PATANJALI","65"
"PATEL ENGINEERING LTD.","PATELENG","60"
"ONE 97 COMMUNICATIONS LTD","PAYTM","50"
"PCBL CHEMICAL LIMITED","PCBL","55"
"PDS LIMITED","PDSL","55"
"PENNAR INDUSTRIES LTD","PENIND","50"
"PERSISTENT SYSTEMS LTD","PERSISTENT","65"
"PETRONET LNG LIMITED","PETRONET","65"
"POWER FIN CORP LTD.","PFC","60"
"PFIZER LTD","PFIZER","60"
"PRIME FOCUS LIMITED","PFOCUS","50"
"PG ELECTROPLAST LTD","PGEL","50"
"P&G HYGIENE & HEALTH CARE","PGHH","60"
"PROCTER & GAMBLE HEALTH L","PGHL","60"
"PEARL GLOBAL IND LIMITED","PGIL","50"
"THE PHOENIX MILLS LTD","PHOENIXLTD","60"
"PIDILITE INDUSTRIES LTD","PIDILITIND","70"
"PI INDUSTRIES LTD","PIIND","70"
"PITTI ENGINEERING LIMITED","PITTIENG","60"
"PUNJAB NATIONAL BANK","PNB","65"
"PNB HOUSING FIN LTD.","PNBHOUSING","60"
"PNC INFRATECH LTD.","PNCINFRA","60"
"P N GADGIL JEWELLERS LTD","PNGJL","60"
"PONDY OXIDES & CHEM LTD","POCL","50"
"POKARNA LIMITED","POKARNA","40"
"PB FINTECH LIMITED","POLICYBZR","60"
"POLYCAB INDIA LIMITED","POLYCAB","60"
"POLY MEDICURE LIMITED","POLYMED","60"
"POLYPLEX CORPORATION LTD","POLYPLEX","60"
"POONAWALLA FINCORP LTD","POONAWALLA","60"
"POWER GRID CORP. LTD.","POWERGRID","70"
"HITACHI ENERGY INDIA LTD","POWERINDIA","50"
"POWER MECH PROJECTS LTD.","POWERMECH","60"
"PIRAMAL PHARMA LIMITED","PPLPHARMA","60"
"PRAJ INDUSTRIES LTD","PRAJIND","60"
"PRAKASH INDUSTRIES LTD","PRAKASH","55"
"PREMIER EXPLOSIVES LTD","PREMEXPLN","50"
"PREMIER ENERGIES LIMITED","PREMIERENE","60"
"PRESTIGE ESTATE LTD","PRESTIGE","60"
"PRICOL LIMITED","PRICOLLTD","55"
"PRINCE PIPES FITTINGS LTD","PRINCEPIPE","60"
"PRIVI SPECIALITY CHE LTD","PRIVISCL","60"
"PROTEAN EGOV TECHNO LTD","PROTEAN","50"
"PRISM JOHNSON LIMITED","PRSMJOHNSN","55"
"PRUDENT CORP ADV SER LTD","PRUDENT","40"
"PUNJAB & SIND BANK","PSB","40"
"PSP PROJECTS LIMITED","PSPPROJECT","55"
"KOTAK PSU BANK","PSUBANK","65"
"NIP IND ETF PSU BANK BEES","PSUBNKBEES","65"
"PTC INDIA LIMITED","PTC","65"
"PTC INDUSTRIES LIMITED","PTCIL","60"
"PURAVANKARA LIMITED","PURVA","40"
"PVR INOX LIMITED","PVRINOX","65"
"ICICIPRAMC - ICICIBANKP","PVTBANIETF","60"
"QUESS CORP LIMITED","QUESS","40"
"RADICO KHAITAN LTD","RADICO","65"
"RAILTEL CORP OF IND LTD","RAILTEL","55"
"RAIN INDUSTRIES LIMITED","RAIN","60"
"RAINBOW CHILDRENS MED LTD","RAINBOW","65"
"RAJESH EXPORTS LTD","RAJESHEXPO","55"
"RALLIS INDIA LTD","RALLIS","60"
"THE RAMCO CEMENTS LIMITED","RAMCOCEM","70"
"RAMCO INDUSTRIES LIMITED","RAMCOIND","55"
"RAMKY INFRA LTD","RAMKY","50"
"RAM RATNA WIRES LIMITED","RAMRAT","40"
"RANA SUGARS LTD.","RANASUG","50"
"RATEGAIN TRAVEL TECHN LTD","RATEGAIN","60"
"RATNAMANI MET & TUB LTD.","RATNAMANI","60"
"RAYMOND LTD","RAYMOND","50"
"RAYMOND LIFESTYLE LIMITED","RAYMONDLSL","50"
"RESTAURANT BRAND ASIA LTD","RBA","60"
"RBL BANK LIMITED","RBLBANK","60"
"RASHTRIYA CHEMICALS & FER","RCF","55"
"REC LIMITED","RECLTD","60"
"REDINGTON LIMITED","REDINGTON","60"
"REDTAPE LIMITED","REDTAPE","60"
"REFEX INDUSTRIES LIMITED","REFEX","50"
"RELAXO FOOT LTD.","RELAXO","65"
"RELIANCE INDUSTRIES LTD","RELIANCE","70"
"RELIGARE ENTER. LTD.","RELIGARE","60"
"SHREE RENUKA SUGARS LTD","RENUKA","60"
"REPCO HOME FINANCE LTD","REPCOHOME","60"
"RESPONSIVE INDUSTRIES LTD","RESPONIND","50"
"RHI MAGNESITA INDIA LTD","RHIM","60"
"RICO AUTO INDUSTRIES LTD","RICOAUTO","50"
"RELIANCE INDUSTRIAL INFRA","RIIL","55"
"RITES LIMITED","RITES","50"
"RAMKRISHNA FORGINGS LTD","RKFORGE","60"
"RANE (MADRAS) LIMITED","RML","50"
"ROLEX RINGS LIMITED","ROLEXRINGS","55"
"ROSSARI BIOTECH LIMITED","ROSSARI","60"
"ROUTE MOBILE LIMITED","ROUTE","60"
"RPG LIFE SCIENCES LTD","RPGLIFE","60"
"RPSG VENTURES LIMITED","RPSGVENT","50"
"R R KABEL LIMITED","RRKABEL","55"
"RSWM LIMITED","RSWM","55"
"R SYS INTERNATIONAL LTD","RSYSTEMS","55"
"RATTANINDIA ENT LIMITED","RTNINDIA","50"
"RATTANINDIA POWER LIMITED","RTNPOWER","55"
"RAIL VIKAS NIGAM LIMITED","RVNL","50"
"SAFARI IND (INDIA) LTD","SAFARI","65"
"SAGAR CEMENTS LIMITED","SAGCEM","40"
"SAGILITY LIMITED","SAGILITY","60"
"STEEL AUTHORITY OF INDIA","SAIL","60"
"SAI LIFE SCIENCES LIMITED","SAILIFE","60"
"SAKSOFT LIMITED","SAKSOFT","50"
"SALASAR TECHNO ENGG. LTD.","SALASAR","50"
"SAMHI HOTELS LIMITED","SAMHI","65"
"SAMMAAN CAPITAL LIMITED","SAMMAANCAP","35"
"SANATHAN TEXTILES LIMITED","SANATHAN","60"
"SANDUR MANG & IRON ORES L","SANDUMA","60"
"SANGHVI MOVERS LTD","SANGHVIMOV","50"
"SANOFI INDIA LIMITED","SANOFI","60"
"SANOFI CONS HEALTHC IND L","SANOFICONR","60"
"SANSERA ENGINEERING LTD","SANSERA","60"
"SAPPHIRE FOODS INDIA LTD","SAPPHIRE","60"
"SARDA ENERGY & MIN LTD","SARDAEN","50"
"SAREGAMA INDIA LIMITED","SAREGAMA","60"
"SASKEN TECHNOLOGIES LTD","SASKEN","55"
"SATIA INDUSTRIES LIMITED","SATIA","55"
"SHIVALIK BIMETAL CON. LTD","SBCL","55"
"SBFC FINANCE LIMITED","SBFC","65"
"SBI CARDS & PAY SER LTD","SBICARD","70"
"SBI LIFE INSURANCE CO LTD","SBILIFE","70"
"STATE BANK OF INDIA","SBIN","70"
"SCHAEFFLER INDIA LIMITED","SCHAEFFLER","65"
"SHIPPING CORP OF INDIA LT","SCI","55"
"SOM DIST & BREW LTD","SDBL","60"
"SEAMEC LIMITED","SEAMECLTD","50"
"SENORES PHARMACEUTICALS L","SENORES","50"
"ICICI PRUD SENSEX ETF","SENSEXIETF","70"
"SEQUENT SCIENTIFIC LTD.","SEQUENT","50"
"SESHASAYEE PAPER & BOARDS","SESHAPAPER","50"
"SBI-ETF GOLD","SETFGOLD","0"
"SBI-ETF NIFTY 50","SETFNIF50","75"
"SBI-ETF NIFTY BANK","SETFNIFBK","70"
"SHEELA FOAM LIMITED","SFL","60"
"SHAILY ENG PLASTICS LTD","SHAILY","50"
"SHAKTI PUMPS (I) LTD","SHAKTIPUMP","50"
"SHALBY LIMITED","SHALBY","60"
"SHALIM PAINTS LTD","SHALPAINTS","50"
"SHANTHI GEARS LTD","SHANTIGEAR","55"
"SHARDA CROPCHEM LTD.","SHARDACROP","0"
"SHARDA MOTOR INDS LTD","SHARDAMOTR","50"
"SHARE IND. SECURITIES LTD","SHAREINDIA","55"
"S H KELKAR AND CO. LTD.","SHK","55"
"SHOPPERS STOP LIMITED","SHOPERSTOP","60"
"SHREE DIGVIJAY CEM CO LTD","SHREDIGCEM","50"
"SHREE CEMENT LIMITED","SHREECEM","70"
"SHRE PUSH CHEM & FERT LTD","SHREEPUSHK","40"
"SHRIRAM PIST. & RING LTD","SHRIPISTON","50"
"SHRIRAM FINANCE LIMITED","SHRIRAMFIN","65"
"SHRIRAM PROPERTIES LTD","SHRIRAMPPS","50"
"SHYAM METALICS AND ENGY L","SHYAMMETL","60"
"SIEMENS LTD","SIEMENS","65"
"SIGACHI INDUSTRIES LTD","SIGACHI","55"
"SIGNATUREGLOBAL INDIA LTD","SIGNATURE","65"
"BIRLASLAMC - SILVER","SILVER","0"
"ICICIPRAMC - ICICISILVE","SILVERIETF","0"
"SINDHU TRADE LINKS LTD","SINDHUTRAD","40"
"SIRCA PAINT INDIA LIMITED","SIRCA","50"
"SIS LIMITED","SIS","55"
"SIYARAM SILK MILLS LTD","SIYSIL","35"
"SJS ENTERPRISES LIMITED","SJS","60"
"SJVN LTD","SJVN","55"
"SKF INDIA LTD","SKFINDIA","65"
"SKIPPER LIMITED","SKIPPER","50"
"MIRAEAMC - SMALLCAP","SMALLCAP","0"
"SMC GLOBAL SECURITIES LTD","SMCGLOBAL","50"
"SML ISUZU LIMITED","SMLISUZU","0"
"SOBHA LIMITED","SOBHA","60"
"SOLARA ACTIVE PHA SCI LTD","SOLARA","40"
"SOLAR INDUSTRIES (I) LTD","SOLARINDS","55"
"SOMANY CERAMICS LIMITED","SOMANYCERA","50"
"SONA BLW PRECISION FRGS L","SONACOMS","60"
"SONATA SOFTWARE LTD","SONATSOFTW","50"
"SAVITA OIL TECHNOLO. LTD","SOTL","60"
"THE SOUTH INDIAN BANK LTD","SOUTHBANK","65"
"SPANDANA SPHOORTY FIN LTD","SPANDANA","0"
"SUN PHARMA ADV.RES.CO.LTD","SPARC","50"
"SPIC LTD","SPIC","50"
"SUPREME PETROCHEM LIMITED","SPLPETRO","60"
"SRF LTD","SRF","70"
"SREE RAYALSEEMA HHP LTD.","SRHHYPOLTD","50"
"STEEL STRIPS WHEELS LTD.","SSWL","55"
"STRIDES PHARMA SCI LTD","STAR","55"
"STAR CEMENT LIMITED","STARCEMENT","65"
"STAR HEALTH & AL INS CO L","STARHEALTH","65"
"STERLITE TECHNOLOGIES LTD","STLTECH","0"
"STOVE KRAFT LIMITED","STOVEKRAFT","55"
"STYLAM INDUSTRIES LIMITED","STYLAMIND","55"
"STYRENIX PERFORMANCE LTD","STYRENIX","60"
"SUBROS LIMITED","SUBROS","0"
"SUDARSHAN CHEMICAL INDS L","SUDARSCHEM","60"
"SULA VINEYARDS LIMITED","SULA","60"
"SUMITOMO CHEM INDIA LTD","SUMICHEM","65"
"SUNDARAM CLAYTON LIMITED","SUNCLAY","50"
"SUNDARAM FINANCE LTD","SUNDARMFIN","65"
"SUNDRAM FASTENERS LTD","SUNDRMFAST","65"
"SUNDROP BRANDS LIMITED","SUNDROP","50"
"SUNFLAG IRON AND STEEL CO","SUNFLAG","60"
"SUN PHARMACEUTICAL IND L","SUNPHARMA","70"
"SUNTECK REALTY LIMITED","SUNTECK","60"
"SUN TV NETWORK LIMITED","SUNTV","65"
"SUPRAJIT ENGINEERING LTD","SUPRAJIT","50"
"SUPREME INDUSTRIES LTD","SUPREMEIND","60"
"SUPRIYA LIFESCIENCE LTD","SUPRIYA","45"
"SURYA ROSHNI LTD","SURYAROSNI","60"
"SURYODAY SMALL FIN BK LTD","SURYODAY","55"
"SUZLON ENERGY LIMITED","SUZLON","50"
"SWAN CORP LIMITED","SWANCORP","50"
"SWARAJ ENGINES LTD","SWARAJENG","60"
"SWIGGY LIMITED","SWIGGY","60"
"STRLNG & WIL REN ENE LTD","SWSOLAR","60"
"SYMPHONY LIMITED","SYMPHONY","60"
"SYNGENE INTERNATIONAL LTD","SYNGENE","70"
"SYRMA SGS TECHNOLOGY LTD","SYRMA","60"
"TAJ GVK HOTELS & RESORTS","TAJGVK","50"
"TANLA PLATFORMS LIMITED","TANLA","60"
"TARC LIMITED","TARC","40"
"TRANS & RECTI. LTD","TARIL","50"
"TARSONS PRODUCTS LIMITED","TARSONS","55"
"TASTY BITE EATABLES LTD","TASTYBITE","50"
"TATA CHEMICALS LTD","TATACHEM","65"
"TATA COMMUNICATIONS LTD","TATACOMM","70"
"TATA CONSUMER PRODUCT LTD","TATACONSUM","70"
"TATA ELXSI LIMITED","TATAELXSI","65"
"TATA INVESTMENT CORP LTD","TATAINVEST","45"
"TATA MOTORS LIMITED","TATAMOTORS","65"
"TATA POWER CO LTD","TATAPOWER","65"
"TATA STEEL LIMITED","TATASTEEL","65"
"TATA TECHNOLOGIES LIMITED","TATATECH","70"
"TATVA CHIN PHARM CHEM LTD","TATVA","50"
"TBO TEK LIMITED","TBOTEK","65"
"TRANSPORT CORPN OF INDIA","TCI","55"
"TCI EXPRESS LIMITED","TCIEXP","55"
"TATA CONSULTANCY SERV LT","TCS","70"
"TD POWER SYSTEMS LTD.","TDPOWERSYS","50"
"TEAMLEASE SERVICES LTD.","TEAMLEASE","60"
"TECH MAHINDRA LIMITED","TECHM","70"
"TECHNO ELEC & ENG CO. LTD","TECHNOE","55"
"TEGA INDUSTRIES LIMITED","TEGA","65"
"TEJAS NETWORKS LIMITED","TEJASNET","50"
"TEXMACO RAIL & ENG. LTD.","TEXRAIL","55"
"TOURISM FINANCE CORP. OF","TFCILTD","25"
"THANGAMAYIL JEWELLERY LTD","THANGAMAYL","60"
"THERMAX LTD","THERMAX","60"
"THOMAS COOK (INDIA) LTD","THOMASCOOK","50"
"TILAKNAGAR INDUSTRIES LTD","TI","40"
"TECHNOCRAFT IND LTD","TIIL","55"
"TUBE INVEST OF INDIA LTD","TIINDIA","60"
"TIME TECHNOPLAST LTD.","TIMETECHNO","55"
"TIMKEN INDIA LTD.","TIMKEN","60"
"TIPS MUSIC LIMITED","TIPSMUSIC","50"
"THIRUMALAI CHEMICALS LTD","TIRUMALCHM","60"
"TITAGARH RAIL SYSTEMS LTD","TITAGARH","55"
"TITAN COMPANY LIMITED","TITAN","70"
"TAMILNAD MERCA BANK LTD","TMB","60"
"TAMILNADU NEWSPRT & PAPER","TNPL","45"
"TORRENT PHARMACEUTICALS L","TORNTPHARM","70"
"TORRENT POWER LTD","TORNTPOWER","60"
"TRANSRAIL LIGHTING LTD","TRANSRAILL","60"
"TRANSWORLD SHIP LINES LTD","TRANSWORLD","50"
"TRENT LTD","TRENT","60"
"TRIDENT LIMITED","TRIDENT","65"
"TRIVENI TURBINE LIMITED","TRITURBINE","50"
"TRIVENI ENGG. & INDS. LTD","TRIVENI","60"
"TTK PRESTIGE LTD","TTKPRESTIG","60"
"TVS HOLDINGS LIMITED","TVSHLTD","50"
"TVS MOTOR COMPANY  LTD","TVSMOTOR","70"
"TVS SUPPLY CHAIN SOL L","TVSSCS","60"
"TV TODAY NETWORK LTD","TVTODAY","55"
"UNITED BREWERIES LTD","UBL","70"
"UCO BANK","UCOBANK","55"
"UPDATER SERVICES LIMITED","UDS","50"
"UNITED FOODBRANDS LIMITED","UFBL","60"
"UFLEX LIMITED","UFLEX","50"
"UJJIVAN SMALL FINANC BANK","UJJIVANSFB","60"
"ULTRATECH CEMENT LIMITED","ULTRACEMCO","70"
"UNICHEM LABORATORIES LTD","UNICHEMLAB","55"
"UNITED DRILLING TOOLS LTD","UNIDT","50"
"UNICOMMERCE ESOLUTIONS L","UNIECOM","55"
"UNION BANK OF INDIA","UNIONBANK","60"
"UNITED SPIRITS LIMITED","UNITDSPR","70"
"UNO MINDA LIMITED","UNOMINDA","60"
"UPL LIMITED","UPL","65"
"USHA MARTIN LTD.","USHAMART","60"
"UTI ASSET MNGMT CO LTD","UTIAMC","65"
"UTIAMC - UTIBANKETF","UTIBANKETF","70"
"UTIAMC - UTINIFTETF","UTINIFTETF","75"
"UTKARSH SMALL FIN BANK L","UTKARSHBNK","60"
"VADILAL INDUSTRIES LTD","VADILALIND","50"
"VAIBHAV GLOBAL LIMITED","VAIBHAVGBL","60"
"VARROC ENGINEERING LTD.","VARROC","60"
"VARUN BEVERAGES LIMITED","VBL","65"
"VEDANTA LIMITED","VEDL","55"
"VENKY S (INDIA) LIMITED","VENKEYS","55"
"VENTIVE HOSPITALITY LTD","VENTIVE","50"
"VENUS PIPES & TUBES LTD","VENUSPIPES","55"
"VESUVIUS INDIA LTD","VESUVIUS","55"
"V-GUARD IND LTD.","VGUARD","65"
"VIJAYA DIAGNOSTIC CEN LTD","VIJAYA","60"
"VIMTA LABS LIMITED","VIMTALABS","0"
"VINATI ORGANICS LTD","VINATIORGA","60"
"VIP INDUSTRIES LTD","VIPIND","65"
"VISHNU CHEMICALS LIMITED","VISHNU","50"
"VMART RETAIL LTD","VMART","65"
"VISHAL MEGA MART LIMITED","VMM","60"
"VOLTAMP TRANSFORMERS LTD","VOLTAMP","55"
"VOLTAS LTD","VOLTAS","65"
"VISHNU PRAKASH R PUNGLI L","VPRPL","60"
"VRL LOGISTICS LIMITED","VRLLOG","55"
"VST INDUSTRIES LTD","VSTIND","60"
"VST TILLERS TRACTORS LTD","VSTTILLERS","55"
"VARDHMAN TEXTILES LIMITED","VTL","60"
"WAAREE ENERGIES LIMITED","WAAREEENER","40"
"WAAREE RENEWABLE TECH LTD","WAAREERTL","40"
"VA TECH WABAG LTD","WABAG","50"
"WEBSOL ENERGY SYSTEM LTD","WEBELSOLAR","50"
"WELSPUN CORP LIMITED","WELCORP","60"
"WELSPUN ENTERPRISES LTD.","WELENT","60"
"WELSPUN LIVING LIMITED","WELSPUNLIV","55"
"WENDT (INDIA) LIMITED","WENDT","50"
"WESTLIFE FOODWORLD LTD","WESTLIFE","55"
"WHIRLPOOL OF INDIA LTD","WHIRLPOOL","60"
"WINDLAS BIOTECH LIMITED","WINDLAS","50"
"WIPRO LTD","WIPRO","70"
"WOCKHARDT LIMITED","WOCKPHARMA","40"
"WONDERLA HOLIDAYS LTD.","WONDERLA","65"
"WEST COAST PAPER MILLS LT","WSTCSTPAPR","55"
"XPRO INDIA LIMITED","XPROINDIA","50"
"YATHARTH HOSP & TRA C S L","YATHARTH","65"
"YES BANK LIMITED","YESBANK","50"
"ZAGGLE PREPA OCEAN SER L","ZAGGLE","50"
"ZEE ENTERTAINMENT ENT LTD","ZEEL","50"
"ZENSAR TECHNOLOGIES  LTD","ZENSARTECH","55"
"ZF COM VE CTR SYS IND LTD","ZFCVINDIA","55"
"ZYDUS LIFESCIENCES LTD","ZYDUSLIFE","70"
"ZYDUS WELLNESS LIMITED","ZYDUSWELL","60"